mesh_size,max_strain,radius
10, 0.282443374395, 3
5, 0.295507133007, 3
3, 0.312959074974, 3
