mesh_size,max_strain
10, 0.282443374395
10, 0.282443374395
