mesh_size,max_strain,radius
10, 0.198194205761, 3
7, 0.195639371872, 3
4, 0.231278121471, 3
5, 0.239187121391, 3
3, 0.252540230751, 3
