mesh_size,max_strain,radius
10, 0.267857134342, 3
7, 0.27480879426, 3
5, 0.281731635332, 3
4, 0.283453315496, 3
3, 0.284655451775, 3
